代號,名稱,外資買賣超,投信買賣超,三大法人買賣超
006201,元大富櫃50,-1000,0,-189908
00679B,元大美債20年,-25493255,0,17008217
00687B,國泰20年美債,1370900,0,19447102
00687C,國泰20年美債+櫃U,0,0,0
00694B,富邦美債1-3,-22000,0,-32131
00695B,富邦美債7-10,-2000,0,-6794
00696B,富邦美債20年,651000,0,218426
00697B,元大美債7-10,-30000,0,-236498
00719B,元大美債1-3,-1218950,0,-1567225
00720B,元大投資級公司債,5139000,0,6855160
00722B,群益投資級電信債,1789000,0,895347
00723B,群益投資級科技債,174000,0,-54036
00724B,群益投資級金融債,1129000,0,401914
00725B,國泰投資級公司債,2350000,0,3065199
00726B,國泰新興投等債,39000,0,28682
00727B,國泰優選非投等債,0,0,-38099
00734B,台新JPM新興債,22000,0,22000
00740B,富邦全球投等債,2061000,0,-352576
00741B,富邦全球非投等債,9000,0,10958
00746B,富邦A級公司債,1050000,0,202068
00749B,凱基新興債10+,0,0,2000
00750B,凱基科技債10+,0,0,0
00751B,元大AAA至A公司債,14554000,0,14251525
00754B,群益AAA-AA公司債,93000,0,-97289
00755B,群益投資級公用債,40000,0,4124
00756B,群益投等新興公債,107000,0,82640
00758B,復華能源債,1000,0,999
00759B,復華製藥債,0,0,-90
00760B,復華新興企業債,1000,0,-7277
00761B,國泰A級公司債,510000,0,200745
00764B,群益25年美債,-104000,0,328415
00768B,復華20年美債,101000,0,97490
00772B,中信高評級公司債,2929000,0,3551575
00773B,中信優先金融債,1172000,0,692001
00777B,凱基AAA至A公司債,1000,0,1000
00778B,凱基金融債20+,0,0,0
00779B,凱基美債25+,6000,0,16000
00780B,國泰A級金融債,125000,0,1000
00781B,國泰A級科技債,6000,0,7682
00782B,國泰A級公用債,2000,0,9330
00785B,富邦金融投等債,-1000,0,76
00786B,元大10年IG銀行債,0,0,14001
00787B,元大10年IG醫療債,0,0,32000
00788B,元大10年IG電能債,0,0,66105
00789B,復華公司債A3,3000,0,-1039
00791B,復華信用債1-5,0,0,-11
00792B,群益A級公司債,129000,0,11000
00793B,群益AAA-A醫療債,6000,0,6001
00795B,中信美國公債20年,1386000,0,2498081
00799B,國泰A級醫療債,0,0,118000
00834B,第一金金融債10+,0,0,4000
00836B,永豐10年A公司債,3000,0,3000
00840B,凱基IG精選15+,0,0,0
00841B,凱基AAA-AA公司債,0,0,0
00842B,台新美元銀行債,0,0,-311276
00844B,新光15年IG金融債,0,0,5000
00845B,富邦新興投等債,1000,0,0
00846B,富邦歐洲銀行債,0,0,1
00847B,中信美國市政債,7000,0,57000
00848B,中信新興亞洲債,1000,0,-1000
00849B,中信EM主權債0-5,-19000,0,-23025
00853B,統一美債10年Aa-A,89000,0,74313
00856B,永豐1-3年美公債,-20000,0,-19354
00857B,永豐20年美公債,530000,0,1065053
00858,永豐美國500大,0,0,794913
00859B,群益0-1年美債,-369000,0,-583623
00860B,群益1-5Y投資級債,0,0,-1000
00862B,中信投資級公司債,1066000,0,51077
00863B,中信全球電信債,7000,0,1000
00864B,中信美國公債0-1,-1824000,0,-1132000
00867B,新光A-BBB電信債,4000,0,1000
00870B,元大15年EM主權債,67000,0,7062
00877,復華中國5G,4176000,0,4868514
00883B,中信ESG投資級債,51000,0,44089
00884B,中信低碳新興債,49000,0,-3021
00886,永豐美國科技,0,0,31825
00887,永豐中國科技50大,3038000,0,5706138
00888,永豐台灣ESG,619000,0,-2225240
00890B,凱基ESG BBB債15+,189000,0,7000
00928,中信上櫃ESG 30,1000,0,853655
00931B,統一美債20年,936000,0,1865178
00933B,國泰10Y+金融債,6260000,0,8044404
00937B,群益ESG投等債20+,59231998,0,79034807
00942B,台新美A公司債20+,1992000,0,1495684
00948B,中信優息投資級債,13248000,0,13659231
00950B,凱基A級公司債,3847000,0,4544643
00955,中信日本商社,1798500,0,5941293
00957B,兆豐US優選投等債,-4000,0,2662467
00958B,永豐ESG銀行債15+,1940000,0,3574681
00959B,大華投等美債15Y+,2909000,0,2463324
00966B,統一ESG投等債15+,478000,0,962439
00967B,元大優息美債,-13000,0,75943
00968B,元大優息投等債,1919000,0,4098287
00969B,元大零息超長美債,-5000,0,726688
00970B,新光BBB投等債20+,1789000,0,2492968
009806,台新標普500,0,0,92506
009807,台新標普科技精選,0,0,183793
00980B,台新特選IG債10+,2000,0,250246
00980D,主動聯博投等入息,-22000,0,322688
00980T,平衡凱基美國TOP,33000,0,452368
009814,富邦標普500,11000,0,2287215
009815,大華美國MAG7+,234300,0,6516852
00981B,第一金優選非投債,1597000,0,-8051488
00981D,主動中信非投等債,665000,0,810186
00982B,FT投資級債20+,85000,0,84796
00983B,大華優利美公債20,-5000,0,479995
00984B,大華優利美A債15,6878000,0,7533732
00985D,主動貝萊德優投等,0,0,313393
00986B,FT金融債10+,156000,0,176900
00987B,野村10+澳洲公債,224000,0,1306439
00988B,玉山嚴選非投債,0,0,169721
00989B,台新美國非投等債,32000,0,4186000
020025,統一亞洲半導體N,0,0,263000
020027,元大上櫃ESG成長N,0,0,21000
020033,統一恒生科期N,0,0,1000
020035,元大上櫃ESG高息N,0,0,26000
020040,元大上櫃ESG龍頭N,0,0,33000
020041,兆豐半導體氣候N,0,0,-53000
1240,茂生農經,-1000,0,-1000
1259,安心,0,0,0
1264,德麥,-4000,0,-23000
1268,漢來美食,-1000,0,-1000
1294,漢田生技,-3000,0,-3000
1295,生合,27000,0,27123
1336,台翰,14000,0,14000
1565,精華,-62000,0,-62000
1569,濱川,209000,0,238911
1570,力肯,5000,0,5000
1580,新麥,-9000,0,-9000
1584,精剛,895000,0,895000
1586,和勤,30000,0,30000
1591,駿吉-KY,-47999,0,-93999
1593,祺驊,3000,0,3000
1595,川寶,119000,0,119061
1599,宏佳騰,1000,0,1000
1777,生泰,0,0,0
1781,合世,1,0,-139
1784,訊聯,-23000,0,-26439
1785,光洋科,-276140,324000,186006
1788,杏昌,-1000,0,-1000
1796,金穎生技,0,0,0
1799,易威,111000,0,111024
1813,寶利徠,-1000,0,-1000
1815,富喬,10502136,-50000,12314710
2035,唐榮,-8000,0,-8000
2061,風青,11000,0,10900
2063,世鎧,-1000,0,-1000
2064,晉椿,1000,0,1000
2065,世豐,-20000,0,-20000
2066,世德,0,0,0
2070,精湛,91000,0,91657
2221,大甲,0,0,0
2230,泰茂,113000,0,114628
2596,綠意,-3000,0,-3000
2640,大車隊,6000,0,6000
2641,正德,243000,0,233741
2643,捷迅,-8000,0,-8000
2718,全心投控,-2000,0,-1945
2719,燦星旅,1000,0,1000
2729,瓦城,0,0,0
2732,六角,-1000,0,-986
2734,易飛網,-6000,0,-6000
2736,富野,7000,0,7101
2743,山富,60000,0,63593
2745,五福,68010,0,68010
2751,王座,7000,0,7000
2752,豆府,-12000,0,-12000
2754,亞洲藏壽司,-17000,0,-17000
2755,揚秦,-14000,0,-14000
2756,聯發國際,2000,0,2000
2916,滿心,1000,0,1000
2926,誠品生活,13000,0,13000
2948,寶陞,-1000,0,-1000
2949,欣新網,-1000,0,-1000
3064,泰偉,0,0,71
3066,李洲,104000,0,104008
3071,協禧,218000,0,217000
3073,天方能源,63000,0,62340
3078,僑威,97000,-3000,97499
3081,聯亞,-188541,-150000,-349253
3083,網龍,3000,0,3000
3086,華義,-47000,0,-62321
3088,艾訊,246000,0,245113
3093,港建*,320000,0,97039
3105,穩懋,-377593,931000,618758
3114,好德,1000,0,-1000
3115,富榮綱,1,0,1
3118,進階,-2000,0,-2000
3122,笙泉,16001,0,16001
3128,昇銳,104001,0,104004
3131,弘塑,-13780,41000,15929
3141,晶宏,10000,0,11803
3147,大綜,12000,0,12725
3152,璟德,200950,0,291263
3162,精確,3016000,0,3016867
3163,波若威,122085,172000,194955
3169,亞信,13000,0,15911
3171,炎洲流通,5000,0,5000
3176,基亞,-14000,0,-14000
3178,公準,-29000,0,-29000
3188,鑫龍騰,43000,0,43000
3191,雲嘉南,0,0,-1000
3205,佰研,116000,0,116329
3206,志豐,-24000,0,-24000
3207,耀勝,-80000,0,-80037
3211,順達,465894,566000,1218059
3213,茂訊,180003,0,181388
3217,優群,63000,-2000,62834
3218,大學光,-46000,0,-45161
3219,倚強科,42000,0,42336
3221,台嘉碩,-848000,0,-847959
3224,三顧,-15000,0,-15000
3226,龍鋒,-2000,0,-2000
3227,原相,302000,0,368450
3228,金麗科,145002,0,142754
3230,錦明,12000,0,11234
3232,昱捷,0,0,0
3234,光環,435900,0,590487
3236,千如,262000,0,264393
3252,海灣,5000,0,5000
3259,鑫創,2000,0,2000
3260,威剛,-569846,177900,-432078
3264,欣銓,681330,81200,1113049
3265,台星科,2726950,50000,2909391
3268,海德威,7000,0,6931
3272,東碩,9000,0,9000
3276,宇環,7001,0,7001
3284,太普高,24000,0,24493
3285,微端,-2000,0,-2000
3287,廣寰科,4000,0,3942
3289,宜特,866913,0,934159
3290,東浦,113000,0,155351
3293,鈊象,-723460,195000,-554971
3294,英濟,136000,0,134000
3297,杭特,12000,0,11996
3303,岱稜,-23000,0,-22396
3306,鼎天,72999,0,72999
3310,佳穎,11000,0,11585
3313,斐成,0,0,-64
3317,尼克森,570968,0,572444
3322,建舜電,-53000,0,398769
3323,加百裕,161021,0,144521
3324,雙鴻,1255106,-326000,1208746
3325,旭品,57000,0,57082
3332,幸康,2000,0,2000
3339,泰谷,-354350,0,-354141
3349,寶德,-13000,0,-13000
3354,律勝,100000,0,100006
3357,臺慶科,250000,0,303606
3360,尚立,123000,0,123000
3362,先進光,79138,0,78735
3363,上詮,406395,0,536555
3372,典範,81001,0,81137
3373,熱映,8000,0,8000
3374,精材,210000,2000,561149
3379,彬台,118000,0,117958
3388,崇越電,-69000,0,-72333
3390,旭軟,8000,0,7688
3402,漢科,82800,0,81012
3430,奇鈦科,35000,0,34967
3434,哲固,-10000,0,-10000
3438,類比科,46000,0,46000
3441,聯一光,39000,0,32004
3444,利機,20000,0,20000
3455,由田,-103679,0,-123089
3465,進泰電子,-1000,0,-1000
3466,德晉,30002,0,30002
3467,台灣精材,-2000,0,-2000
3479,安勤,-36000,0,-35749
3483,力致,142100,0,144618
3484,崧騰,148000,0,143000
3489,森寶,33000,0,33000
3490,單井,87000,0,87430
3491,昇達科,660655,154001,771809
3492,長盛,0,0,53
3498,陽程,841501,0,839811
3499,環天科,30001,0,29801
3508,位速,7000,0,7000
3511,矽瑪,35000,0,35000
3512,皇龍,1000,0,1000
3516,亞帝歐,4000,0,4000
3520,華盈,1000,0,1000
3521,台鋼建設,3000,0,3226
3522,御嵿,-15000,0,-15008
3523,迎輝,-1000,0,-1000
3526,凡甲,295000,0,291579
3527,聚積,19000,0,19000
3529,力旺,24857,47001,75451
3537,堡達,70001,0,69967
3540,曜越,65000,0,65205
3541,西柏,6000,0,6331
3546,宇峻,-5378,0,-6109
3548,兆利,89001,0,88495
3551,世禾,64000,0,54460
3552,同致,-132000,0,-119917
3555,博士旺,-5000,0,-41538
3556,禾瑞亞,13000,0,11000
3558,神準,81000,0,81428
3564,其陽,38000,0,37453
3567,逸昌,19000,0,19000
3570,大塚,6000,0,6000
3577,泓格,-65000,0,-64049
3580,友威科,398990,0,398817
3581,博磊,-53000,0,-69230
3587,閎康,25698,0,185730
3594,磐儀,7000,0,7647
3597,映興,-1000,0,-1000
3609,三一東林,23000,0,18000
3611,鼎翰,-2000,0,-2000
3615,安可,396000,0,396000
3623,富晶通,44000,0,43991
3624,光頡,121000,0,123423
3625,西勝,64000,0,64310
3628,盈正,-5000,0,-4137
3630,新鉅科,153209,0,155694
3631,晟楠,6000,0,6000
3646,艾恩特,-3000,0,-3000
3663,鑫科,218000,0,243813
3666,光耀,3001,0,3001
3672,康聯訊,-1000,0,-1000
3675,德微,-37000,0,-17936
3680,家登,373946,0,519730
3684,榮昌,38000,0,38012
3685,元創精密,-14000,0,-14000
3687,歐買尬,-9000,0,-9000
3689,湧德,902000,0,926247
3691,碩禾,31000,0,23000
3693,營邦,-242004,0,-136673
3707,漢磊,-331000,0,-369596
3709,鑫聯大投控,416000,0,974155
3710,連展投控,27000,0,27000
3713,新晶投控,22000,0,22000
4102,永日,-6000,0,-6001
4105,東洋,-587000,0,-586969
4107,邦特,24000,0,24000
4109,加捷生醫,46000,0,45939
4111,濟生,19000,0,19000
4113,聯上,147000,0,147000
4114,健喬,-129692,0,-129692
4116,明基醫,-1000,0,-1000
4120,友華,5000,0,6000
4121,優盛,-47000,0,-47000
4123,晟德,-210000,2000,-275651
4126,太醫,-61000,0,-61000
4127,天良,0,0,0
4128,中天,147000,0,155000
4129,聯合,-30000,0,-29344
4130,健亞,-293037,0,-291905
4131,浩泰,16000,0,16000
4138,曜亞,1000,0,1000
4139,馬光-KY,-3000,0,-3000
4147,中裕,-290000,0,-290654
4153,鈺緯,10000,0,10000
4157,太景*-KY,-153000,0,-153287
4160,訊聯基因,12000,0,12467
4161,聿新科,-4000,0,-3829
4162,智擎,-39000,0,-41064
4163,鐿鈦,-4000,0,-4000
4166,友霖,-7000,0,-7000
4167,松瑞藥,84000,0,69673
4168,醣聯,-35000,0,-35374
4171,瑞基,36000,0,36000
4173,久裕,-7000,0,-7000
4174,浩鼎,-32000,0,-32000
4175,杏一,2000,0,1000
4188,安克,6000,0,6000
4205,中華食,0,0,0
4207,環泰,-242000,0,-233000
4303,信立,144500,0,143891
4401,東隆興,-21000,0,-21000
4402,郡都開發,0,0,2
4413,飛寶企業,0,0,-43
4416,三圓,11000,0,11000
4417,金洲,0,0,0
4420,光明,26000,0,25700
4430,耀億,0,0,0
4432,銘旺實,-1000,0,-1000
4433,興采,-1000,0,-1000
4442,竣邦-KY,222000,0,222000
4502,健信,-5000,0,-5000
4503,金雨,-12000,0,-12000
4506,崇友,-1000,0,-1000
4510,高鋒,109000,0,117327
4513,福裕,58000,0,58000
4523,永彰,116000,0,115649
4527,方土霖,0,0,0
4528,江興鍛,-3000,0,-3000
4530,宏易,-1570,0,-1570
4533,協易機,674010,0,685610
4534,慶騰,83000,0,83268
4535,至興,-5000,0,-3000
4541,晟田,167001,0,130998
4542,科嶠,-8000,0,-5022
4543,萬在,81000,0,81818
4549,桓達,-116000,0,-126841
4550,長佳,-1000,0,-1000
4554,橙的,1000,0,1000
4556,旭然,-2000,0,-2000
4558,寶緯,-2000,0,-2000
4561,健椿,44000,0,44000
4563,百德,47000,0,47045
4568,科際精密,-2000,0,-2000
4577,達航科技,-85000,0,-31221
4580,捷流閥業,-1000,0,-3000
4702,中美實,-2000,0,-2000
4706,大恭,-1000,0,-1000
4707,磐亞,547000,0,547000
4711,永純,-4000,0,-4000
4714,永捷,228000,0,228219
4716,大立,-75000,0,-75317
4721,美琪瑪,217001,0,246285
4726,永昕,-32000,0,-32105
4728,雙美,1000,0,1000
4729,熒茂,51000,0,51000
4735,豪展,1000,0,1000
4741,泓瀚,-29000,0,-16000
4743,合一,317000,0,297111
4744,皇將,-69000,0,-69855
4745,合富-KY,-21000,0,-21000
4747,強生,-2000,0,-2000
4749,新應材,312453,100,412039
4754,國碳科,-3030,0,-3030
4760,勤凱,430000,0,436125
4768,晶呈科技,-223765,0,-212266
4772,台特化,-456000,0,-332783
4903,聯光通,-191000,0,-190708
4907,富宇,3000,0,3000
4908,前鼎,-69020,0,-58684
4909,新復興,-319000,0,-312962
4911,德英,34000,0,34000
4923,力士,-4000,0,-3823
4924,欣厚-KY,-11000,0,-11000
4931,新盛力,1006000,0,1002707
4933,友輝,-6000,0,271
4939,亞電,271950,0,274509
4946,辣椒,11000,0,11000
4950,金耘國際,-6000,0,-6000
4951,精拓科,89000,0,89628
4953,緯軟,150285,0,150395
4966,譜瑞-KY,-217576,-2000,-187717
4971,IET-KY,168989,0,166989
4972,湯石照明,-2000,0,-2000
4973,廣穎,-875250,0,-930048
4974,亞泰,-4000,0,-4431
4979,華星光,-286001,0,-266947
4987,科誠,-1000,0,-1000
4991,環宇-KY,106380,-151000,-37620
4995,晶達,-1000,0,-1000
5009,榮剛,452000,0,475103
5011,久陽,94000,0,94000
5013,強新,5000,0,5000
5014,建錩,24000,0,23972
5015,華祺,-2999,0,-2999
5016,松和,-116000,0,-116000
5201,凱衛,-17000,0,-17000
5202,力新,13000,0,12788
5206,坤悅,6000,0,6000
5209,新鼎,0,0,-24
5210,寶碩,8000,0,8000
5211,蒙恬,10000,0,10000
5212,凌網,-4000,0,-4000
5213,亞昕,137000,0,137000
5220,萬達光電,1000,0,1000
5223,安力-KY,-4000,0,-4000
5227,立凱-KY,14000,0,14641
5228,鈺鎧,-25000,0,-25027
5230,雷笛克光學,-11000,0,-11000
5236,凌陽創新,215000,-2000,212181
5245,智晶,32000,0,32000
5251,天鉞電,20000,0,20907
5263,智崴,-2998,0,-3474
5272,笙科,65000,0,64995
5274,信驊,72896,6027,80885
5276,達輝-KY,-2000,0,-2000
5278,尚凡*,101000,0,101000
5287,數字,-39736,0,-39736
5289,宜鼎,454948,0,545625
5291,邑昇,180000,0,180235
5299,杰力,64000,0,63224
5302,太欣,85000,0,84982
5309,系統電,387030,-202000,254769
5310,天剛,1000,0,1000
5312,寶島科,4000,0,4000
5314,世紀*,12870,4000,34279
5315,光聯,67000,0,67000
5321,美而快,-8000,0,-8000
5324,士開,12000,0,12000
5328,華容,594000,0,597887
5340,建榮,1175450,0,1179859
5344,立衛,6000,0,6000
5347,世界,1281825,974197,2768948
5351,鈺創,1171585,-35000,1205704
5353,台林,1000,0,1000
5355,佳總,-1999,0,-1045
5356,協益,-19000,0,-19000
5364,力麗店,-3000,0,-3000
5371,中光電,1600000,0,1770419
5386,青雲,-27000,0,-26781
5392,能率,383550,0,384073
5398,慕康生醫,-8000,0,-8003
5403,中菲,26000,0,26000
5410,國眾,32000,0,32674
5425,台半,-2579251,0,-2787678
5426,振發,201000,0,199000
5432,新門,10000,0,10206
5438,東友,33000,0,33000
5439,高技,1495968,-554000,1101800
5443,均豪,1812000,0,2178944
5450,南良,7000,0,6932
5452,佶優,52000,0,46432
5457,宣德,415000,-1000,417357
5460,同協,-9000,0,-9000
5464,霖宏,22000,0,22000
5465,富驊,67000,0,66859
5468,凱鈺,21000,0,21000
5474,聰泰,-36000,0,-36848
5475,德宏,-147543,75000,-72397
5478,智冠,8000,0,9076
5481,新華,-100999,0,-100999
5483,中美晶,1944973,-22665,2557206
5488,松普,9000,0,9000
5489,彩富,-6000,0,-6000
5490,同亨,158000,0,159211
5493,三聯,17000,0,17083
5498,凱崴,442000,0,453597
5508,永信建,64000,0,64035
5511,德昌,-1000,0,-1000
5512,力麒,-125000,0,-125000
5514,三豐,-1000,0,-1000
5516,雙喜,-1000,0,-1000
5520,力泰,1000,0,1000
5523,豐謙,-1000,0,-1000
5529,鉅陞,3000,0,3000
5530,龍巖,-12000,0,-3000
5536,聖暉*,-257503,-81924,-376932
5548,安倉,18000,0,18000
5603,陸海,2002,0,2002
5604,中連,3000,0,3000
5609,中菲行,-50000,0,-50000
5704,老爺知,5000,0,-5000
5864,致和證,-499138,0,-499138
5902,德記,-1000,0,-1000
5903,全家,-1000,0,3000
5904,寶雅,-51028,-7000,-58611
5905,南仁湖,143000,0,143681
6015,宏遠證,462000,0,462000
6016,康和證,2163000,0,2163000
6020,大展證,-1000,0,-1000
6021,美好證,-15000,0,-15000
6023,元大期,-78000,3000,-75000
6026,福邦證,952000,0,952000
6101,寬魚國際,5000,0,5000
6104,創惟,-156496,-6000,-160493
6109,亞元,19000,0,19231
6111,光聚晶電,103000,0,114548
6113,亞矽,2850,0,2850
6114,久威,-3000,0,-3000
6118,建達,63000,0,63000
6121,新普,108768,-12000,74892
6122,擎邦,-1000,0,-5132
6123,上奇,-1000,0,-1000
6124,業強,-2000,0,-1480
6125,廣運,227000,0,228643
6126,信音,288000,0,290821
6127,九豪,838001,0,925415
6129,普誠,45000,0,50232
6130,上亞科技,58000,0,58699
6134,萬旭,228000,0,198598
6138,茂達,11000,-8000,3370
6140,訊達,58000,0,57131
6143,振曜,53001,0,81143
6146,耕興,9000,0,22411
6147,頎邦,-3965503,-9094,-3872832
6148,驊宏資,56000,0,56095
6150,撼訊,23000,0,22847
6151,晉倫,152000,0,152000
6156,松上,237000,0,237000
6158,禾昌,22000,0,22000
6160,欣技,38000,0,37906
6161,捷波,37000,0,36483
6163,華電網,-906000,0,-899276
6167,久正,26000,0,20709
6169,昱泉,8000,0,8000
6170,統振,-13998,0,-28998
6171,大城地產,-1000,0,-1000
6173,信昌電,577011,0,618429
6174,安碁,-9000,0,-10000
6175,立敦,101000,0,106910
6179,亞通,-109000,0,-110554
6180,橘子,29000,-867,31118
6182,合晶,1490320,0,1655162
6185,幃翔,-54000,0,-54319
6186,新潤,-51200,0,-51200
6187,萬潤,30765,3300,50844
6188,廣明,328000,-89000,300260
6190,萬泰科,2938000,0,3315212
6194,育富,-9000,0,-9000
6198,瑞築,-1000,0,-1000
6199,天品,78000,0,106369
6203,海韻電,21000,0,21409
6204,艾華,-3000,0,-3000
6207,雷科,137000,0,138054
6208,日揚,-10024,0,-11024
6210,慶生,0,0,-18
6212,理銘,-1000,0,-1000
6217,中探針,-3514899,3000,-3801146
6218,豪勉,284000,0,302977
6219,富旺,63000,0,63000
6220,岳豐,-208999,0,-209307
6221,晉泰,-39000,0,-39000
6222,立軒,1000,0,1000
6223,旺矽,-64476,74572,-467
6227,茂綸,-414000,0,-421439
6229,研通,8000,0,8000
6231,系微,92000,0,87036
6233,旺玖,101000,0,101000
6234,高僑,428000,0,430532
6237,驊訊,142000,0,142848
6244,茂迪,405010,0,436834
6245,立端,322090,0,344443
6246,臺龍,-1000,0,-402
6248,沛波,9000,0,8508
6261,久元,-100999,0,-193002
6263,普萊德,27000,0,27000
6265,方土昶,534000,0,510000
6266,泰詠,-23000,0,-23092
6270,倍微,90000,0,90000
6274,台燿,782878,447001,1144310
6275,元山,24000,0,23920
6276,安鈦克,3001,0,3883
6279,胡連,-245000,-21000,-265324
6284,佳邦,377000,0,390699
6290,良維,-1030000,1400,-1114054
6291,沛亨,-568000,0,-567721
6292,迅德,24000,0,24000
6294,智基,-1000,0,-1000
6411,晶焱,12001,0,12838
6417,韋僑,-5000,0,-5000
6418,詠昇,9000,0,9000
6419,京晨科,72000,0,72000
6423,億而得,0,0,0
6425,易發,3000,0,3000
6432,今展科,24000,0,24552
6435,大中,-90980,0,-114018
6441,廣錠,-11000,0,-11003
6461,益得,27000,0,27000
6462,神盾,396000,-5000,397807
6465,威潤,-20010,0,-20010
6469,大樹,-38000,0,-29202
6470,宇智,49000,0,49019
6482,弘煜科,-6000,0,-6000
6485,點序,93000,0,102100
6486,互動,59000,0,59000
6488,環球晶,617972,432844,1208555
6492,生華科,0,0,-604
6494,九齊,50000,0,59278
6496,科懋,-2019,0,-2019
6498,久禾光,6000,0,6000
6499,益安,7000,0,6573
6506,雙邦,-1000,0,-1000
6508,惠光,-1991,0,-1991
6509,聚和,1122700,-1000,1119047
6510,精測,-62666,22080,-68801
6516,勤崴國際,9000,0,9000
6517,保勝光學,56001,0,56170
6523,達爾膚,-2000,0,-2000
6530,創威,-1818000,0,-1818716
6532,瑞耘,150000,0,150000
6535,順藥,49000,0,49072
6538,倉和,15000,-153,14973
6542,隆中,0,0,0
6546,正基,223000,0,228695
6547,高端疫苗,258000,0,265000
6548,長科*,-268000,0,-202773
6560,欣普羅,-10000,0,-10534
6561,是方,115009,0,123558
6568,宏觀,-446500,0,-420632
6569,醫揚,-1000,0,-1000
6570,維田,17000,0,17012
6574,霈方,1000,0,1919
6576,逸達,-12000,0,-12000
6577,勁豐,2000,0,2000
6578,達邦蛋白,0,0,0
6584,南俊國際,26002,0,40002
6588,東典光電,-211099,0,-211099
6593,台灣銘板,4000,0,4000
6596,寬宏藝術,-43000,0,-41432
6603,富強鑫,236000,0,235855
6609,瀧澤科,70000,0,69581
6612,奈米醫材,1000,0,1000
6613,朋億*,123000,-225,132538
6615,慧智,3,0,3
6617,共信-KY,2000,0,2000
6620,漢達,-4949,0,-4949
6624,萬年清,-3000,0,-3000
6629,泰金-KY,-24000,0,-23960
6637,醫影,0,0,0
6640,均華,110000,2000,134675
6642,富致,-3000,0,-3000
6643,M31,106000,-5000,160422
6649,台生材,-40998,0,-41115
6651,全宇昕,-20000,0,-20000
6654,天正國際,5000,0,5000
6662,樂斯科,-2000,0,-2000
6664,群翊,-344000,0,-351284
6667,信紘科,5000,0,3802
6679,鈺太,46000,0,80885
6683,雍智科技,-351622,199000,-181028
6684,安格,61999,0,62134
6690,安碁資訊,25000,0,25000
6692,進能服,3000,0,3000
6693,廣閎科,36000,0,34547
6697,東捷資訊,4000,0,4000
6703,軒郁,16000,0,16000
6708,天擎,3000,0,3000
6712,長聖,-64925,0,-65009
6716,應廣,-97000,0,-96447
6720,久昌,-32000,0,-31788
6721,信實,1000,0,1000
6725,矽科宏晟,1000,0,-9352
6727,亞泰金屬,-16202,0,-15202
6728,上洋,4000,0,4000
6730,常廣,2000,0,2000
6732,昇佳電子,22000,0,21801
6733,博晟生醫,75000,0,74183
6735,美達科技,-23000,0,-22212
6739,竹陞科技,-21000,0,-9937
6741,91APP*-KY,-67000,0,-69000
6751,智聯服務,-1000,0,-1000
6752,叡揚,7000,0,7000
6761,穩得,112755,0,184360
6763,綠界科技*,69000,0,70002
6785,昱展新藥,-182000,0,-181724
6788,華景電,73940,0,102834
6791,虎門科技,-1000,0,-1000
6803,崑鼎,-9000,0,-9000
6811,宏碁資訊,29000,0,28887
6821,聯寶,-2900,0,-2370
6823,濾能,-32000,0,-32000
6829,千附精密,52000,0,58086
6840,東研信超,9000,0,9000
6841,長佳智能,15000,0,14995
6843,進典,-1000,0,-2000
6859,伯特光,-3000,0,-3000
6865,偉康科技,-8000,0,-9000
6870,騰雲,7000,0,7000
6872,浩宇生醫,8000,0,8000
6874,倍力,13000,0,13000
6875,國邑*,2000,0,1973
6877,鏵友益,14000,0,238395
6881,潤德,0,0,0
6894,衛司特,3000,0,3945
6895,宏碩系統,-13000,0,-11842
6899,創為精密,-15000,0,-15000
6903,巨漢,291020,0,321134
6904,伯鑫,0,0,-1000
6907,雅特力-KY,-44000,0,-44000
6910,德鴻,31000,0,31000
6913,鴻呈,-78000,0,-92993
6922,宸曜,0,0,364
6925,意藍,13000,0,13010
6953,家碩,16000,0,15000
6961,旅天下,24000,0,24000
6967,汎瑋材料,8000,0,6000
6968,萬達寵物,6000,0,6000
6982,大井泵浦,-3000,0,-3000
6996,力領科技,27000,0,27010
7402,邑錡,0,0,-3502
7547,碩網,-21000,0,-21052
7556,意德士,33817,0,37828
7584,樂意,1000,0,1000
7642,昶瑞機電,0,0,177
7703,銳澤,27000,0,26635
7704,明遠精密,-7000,0,-7000
7709,榮田,26000,0,28029
7712,博盛半導體,13000,0,12993
7713,威力德生醫,-2000,0,-2000
7714,創泓科技,12000,0,12005
7715,裕山,2000,0,1000
7717,萊德光電-KY,95700,100000,193867
7718,友鋮,4000,0,4000
7723,築間,-4000,0,-4000
7728,光焱科技,14096,0,17876
7734,印能科技,2000,0,632
7738,東聯互動,36000,0,36000
7744,崴寶,-6000,0,-5001
7751,竑騰,41120,198000,232227
7753,星亞,1000,0,1000
7770,君曜,0,0,-2000
7777,能率亞洲,70000,0,72124
7782,光速火箭,0,0,0
7792,安葆,10000,0,20891
7805,威聯通,26000,0,26822
7810,捷創科技,-7000,0,-7567
7811,民盛,1000,0,-4000
8024,佑華,1,0,1
8027,鈦昇,-676650,0,-652395
8032,光菱,999,0,999
8034,榮群,683000,0,673901
8038,長園科,-2001,0,-2303
8040,九暘,49000,0,48980
8042,金山電,350999,0,350314
8043,蜜望實,267001,0,269214
8044,網家,170001,0,170001
8047,星雲,1000,0,1000
8048,德勝,25004,0,25711
8049,晶采,6000,0,6000
8050,廣積,90000,0,89941
8054,安國,535000,-12000,543402
8059,凱碩,81000,0,81000
8064,東捷,2006000,0,2174632
8066,來思達,-1000,0,-1000
8068,全達,117000,0,117000
8069,元太,846682,30720,944344
8071,能率網通,79000,0,79463
8074,鉅橡,224000,0,265223
8076,伍豐,41001,0,42725
8080,泰霖,2000,0,2000
8083,瑞穎,4000,0,4000
8084,巨虹,4000,0,4038
8085,福華,-65999,0,-66000
8086,宏捷科,231555,0,694071
8087,麗升能源,-10000,0,-10000
8088,品安,335001,0,334927
8089,康全電訊,59000,0,58483
8091,翔名,-364000,0,-375418
8092,建暐,-16000,0,-16000
8093,保銳,0,0,84
8096,擎亞,547738,0,719309
8097,常珵,-19000,0,-18000
8099,大世科,-26998,0,-27661
8107,大億金茂,-998,0,-1097
8109,博大,-22000,0,-21627
8111,立碁,-126000,0,-140807
8121,越峰,-14000,0,-13988
8147,正淩,8000,0,20425
8155,博智,-309000,0,-357045
8171,天宇,45000,0,45202
8176,智捷,-1000,0,-1000
8182,加高,43000,0,43000
8183,精星,45000,0,48359
8227,巨有科技,148000,0,149999
8234,新漢,177000,0,177535
8240,華宏,35001,0,35161
8255,朋程,-73800,0,-72802
8272,全景軟體,-2000,0,-2000
8277,商丞,42000,0,41811
8279,生展,-3000,0,-3000
8284,三竹,-1000,0,-1000
8289,泰藝,226500,0,226500
8299,群聯,-760223,-97860,-790239
8349,恒耀,-53000,0,-53000
8354,冠好,-1000,0,-1000
8358,金居,3288286,723000,4776039
8383,千附,287000,0,290353
8390,金益鼎,239000,0,246148
8401,白紗科,4000,0,4000
8403,盛弘,3008,0,3008
8409,商之器,0,0,-6
8410,森田,-1000,0,0
8415,大國鋼,-73000,2000,-91578
8421,旭源,-4000,0,-4000
8423,保綠-KY,4010,0,4010
8424,惠普,2000,0,1985
8426,紅木-KY,-2000,0,-2000
8431,匯鑽科,186000,0,173323
8432,東生華,0,0,0
8433,弘帆,-13000,0,-13000
8435,鉅邁,-999,0,-999
8436,大江,-108000,-1037,-107327
8437,大地-KY,4003,0,4003
8440,綠電,19000,0,18207
8444,綠河-KY,-8000,0,-8000
8446,華研,-96000,0,-96048
8450,霹靂,3010,0,3010
8472,夠麻吉,-4000,0,-4000
8489,三貝德,-10999,0,11999
8905,裕國,3001,0,3001
8906,花王,-1000,0,-1000
8908,欣雄,-45999,0,-45999
8916,光隆,2999,0,2999
8917,欣泰,0,0,0
8923,時報,-45,0,-45
8924,大田,5002,0,4957
8927,北基,-107000,0,-107000
8928,鉅明,-4000,0,-4000
8929,富堡,6000,0,6000
8930,青鋼,3000,0,3000
8931,大汽電,-3000,0,-3000
8932,智通*,-99000,0,-95154
8933,愛地雅,34000,0,33597
8935,邦泰,-53000,0,-53088
8936,國統,-650000,0,-638896
8938,明安,-113000,0,-112461
8941,關中,1000,0,1000
8942,森鉅,-219000,0,-220000
9949,琉園,-8000,0,-8000
9950,萬國通,2000,0,2000
9951,皇田,4000,0,3888
9960,邁達康,-8000,0,-8000
9962,有益,0,0,0
